<application>
  <component name="ProjectManager">
    <defaultProject>
      <component name="AutoImportSettings">
        <option name="autoReloadType" value="SELECTIVE" />
      </component>
      <component name="MavenImportPreferences">
        <option name="generalSettings">
          <MavenGeneralSettings>
            <option name="mavenHome" value="$APPLICATION_HOME_DIR$/plugins/maven/lib/maven3" />
            <option name="userSettingsFile" value="C:\Program Files\java\apache-maven-3.6.1\conf\settings.xml" />
          </MavenGeneralSettings>
        </option>
      </component>
      <component name="ProjectInspectionProfilesVisibleTreeState">
        <entry key="Project Default">
          <profile-state>
            <expanded-state>
              <State />
              <State>
                <id>Abstraction issuesJava</id>
              </State>
              <State>
                <id>AccessibilityHTML</id>
              </State>
              <State>
                <id>AccessibilityLintAndroid</id>
              </State>
              <State>
                <id>Android</id>
              </State>
              <State>
                <id>Angular</id>
              </State>
              <State>
                <id>Application SizePerformanceLintAndroid</id>
              </State>
              <State>
                <id>Application servers</id>
              </State>
              <State>
                <id>Assignment issuesJava</id>
              </State>
              <State>
                <id>Async code and promisesJavaScript and TypeScript</id>
              </State>
              <State>
                <id>Bean Validation</id>
              </State>
              <State>
                <id>Bidirectional TextInternationalizationLintAndroid</id>
              </State>
              <State>
                <id>Bitwise operation issuesJava</id>
              </State>
              <State>
                <id>Bitwise operation issuesJavaScript and TypeScript</id>
              </State>
              <State>
                <id>CDI (Contexts and Dependency Injection)</id>
              </State>
              <State>
                <id>CSS</id>
              </State>
              <State>
                <id>Chrome OSCorrectnessLintAndroid</id>
              </State>
              <State>
                <id>Class metricsJava</id>
              </State>
              <State>
                <id>Class structureJava</id>
              </State>
              <State>
                <id>Cloning issuesJava</id>
              </State>
              <State>
                <id>Code maturityJava</id>
              </State>
              <State>
                <id>Code style issuesJava</id>
              </State>
              <State>
                <id>Code style issuesJavaScript and TypeScript</id>
              </State>
              <State>
                <id>CodePlugin DevKit</id>
              </State>
              <State>
                <id>CodeSpring CoreSpring</id>
              </State>
              <State>
                <id>CoffeeScript</id>
              </State>
              <State>
                <id>CommonReactive Streams</id>
              </State>
              <State>
                <id>Compiler issuesJava</id>
              </State>
              <State>
                <id>Compose Preview</id>
              </State>
              <State>
                <id>Control flow issuesGroovy</id>
              </State>
              <State>
                <id>Control flow issuesJava</id>
              </State>
              <State>
                <id>Control flow issuesJavaScript and TypeScript</id>
              </State>
              <State>
                <id>CorrectnessLintAndroid</id>
              </State>
              <State>
                <id>Cucumber</id>
              </State>
              <State>
                <id>Declaration redundancyJava</id>
              </State>
              <State>
                <id>DeclarationGroovy</id>
              </State>
              <State>
                <id>Dependency issuesJava</id>
              </State>
              <State>
                <id>Dockerfile</id>
              </State>
              <State>
                <id>ECMAScript 6 migration aidsJavaScript and TypeScript</id>
              </State>
              <State>
                <id>EditorConfig</id>
              </State>
              <State>
                <id>EmbeddedPerformanceJava</id>
              </State>
              <State>
                <id>EncapsulationJava</id>
              </State>
              <State>
                <id>Error handlingGroovy</id>
              </State>
              <State>
                <id>Error handlingJava</id>
              </State>
              <State>
                <id>Faces Model</id>
              </State>
              <State>
                <id>FreeMarker</id>
              </State>
              <State>
                <id>Function metricsJavaScript and TypeScript</id>
              </State>
              <State>
                <id>GPathGroovy</id>
              </State>
              <State>
                <id>GSPGrailsGroovy</id>
              </State>
              <State>
                <id>General</id>
              </State>
              <State>
                <id>GeneralCoffeeScript</id>
              </State>
              <State>
                <id>GeneralJavaScript and TypeScript</id>
              </State>
              <State>
                <id>Gradle</id>
              </State>
              <State>
                <id>GrailsGroovy</id>
              </State>
              <State>
                <id>Groovy</id>
              </State>
              <State>
                <id>Guice</id>
              </State>
              <State>
                <id>HTML</id>
              </State>
              <State>
                <id>HTTP Client</id>
              </State>
              <State>
                <id>Hibernate</id>
              </State>
              <State>
                <id>IconsUsabilityLintAndroid</id>
              </State>
              <State>
                <id>Imports and dependenciesJavaScript and TypeScript</id>
              </State>
              <State>
                <id>Inheritance issuesJava</id>
              </State>
              <State>
                <id>InitializationJava</id>
              </State>
              <State>
                <id>InternationalizationJava</id>
              </State>
              <State>
                <id>InternationalizationLintAndroid</id>
              </State>
              <State>
                <id>JPA</id>
              </State>
              <State>
                <id>JSON and JSON5</id>
              </State>
              <State>
                <id>JSP</id>
              </State>
              <State>
                <id>JUnitJava</id>
              </State>
              <State>
                <id>JVM languages</id>
              </State>
              <State>
                <id>Java</id>
              </State>
              <State>
                <id>Java 11Java language level migration aidsJava</id>
              </State>
              <State>
                <id>Java 5Java language level migration aidsJava</id>
              </State>
              <State>
                <id>Java 7Java language level migration aidsJava</id>
              </State>
              <State>
                <id>Java 8Java language level migration aidsJava</id>
              </State>
              <State>
                <id>Java 9Java language level migration aidsJava</id>
              </State>
              <State>
                <id>Java EE</id>
              </State>
              <State>
                <id>Java interop issuesKotlin</id>
              </State>
              <State>
                <id>Java language level migration aidsJava</id>
              </State>
              <State>
                <id>JavaBeans issuesJava</id>
              </State>
              <State>
                <id>JavaFX</id>
              </State>
              <State>
                <id>JavaScript and TypeScript</id>
              </State>
              <State>
                <id>JavadocJava</id>
              </State>
              <State>
                <id>Kotlin</id>
              </State>
              <State>
                <id>Language injection</id>
              </State>
              <State>
                <id>LintAndroid</id>
              </State>
              <State>
                <id>LoggingJava</id>
              </State>
              <State>
                <id>Lombok</id>
              </State>
              <State>
                <id>Manifest</id>
              </State>
              <State>
                <id>Markdown</id>
              </State>
              <State>
                <id>Maven</id>
              </State>
              <State>
                <id>MavenMigrationKotlin</id>
              </State>
              <State>
                <id>MemoryJava</id>
              </State>
              <State>
                <id>MessagesCorrectnessLintAndroid</id>
              </State>
              <State>
                <id>Method metricsGroovy</id>
              </State>
              <State>
                <id>Method metricsJava</id>
              </State>
              <State>
                <id>Micronaut</id>
              </State>
              <State>
                <id>MigrationKotlin</id>
              </State>
              <State>
                <id>Modularization issuesJava</id>
              </State>
              <State>
                <id>Mybatis</id>
              </State>
              <State>
                <id>Naming conventionsGroovy</id>
              </State>
              <State>
                <id>Naming conventionsJava</id>
              </State>
              <State>
                <id>Naming conventionsJavaScript and TypeScript</id>
              </State>
              <State>
                <id>Nullability problemsProbable bugsJava</id>
              </State>
              <State>
                <id>Numeric issuesJava</id>
              </State>
              <State>
                <id>Other problemsKotlin</id>
              </State>
              <State>
                <id>Packaging issuesJava</id>
              </State>
              <State>
                <id>Pattern validation</id>
              </State>
              <State>
                <id>PerformanceJava</id>
              </State>
              <State>
                <id>PerformanceLintAndroid</id>
              </State>
              <State>
                <id>Plugin DevKit</id>
              </State>
              <State>
                <id>Plugin descriptorPlugin DevKit</id>
              </State>
              <State>
                <id>PortabilityJava</id>
              </State>
              <State>
                <id>Potentially confusing code constructsGroovy</id>
              </State>
              <State>
                <id>Potentially confusing code constructsJavaScript and TypeScript</id>
              </State>
              <State>
                <id>Potentially undesirable code constructsJavaScript and TypeScript</id>
              </State>
              <State>
                <id>Probable bugsCSS</id>
              </State>
              <State>
                <id>Probable bugsGradle</id>
              </State>
              <State>
                <id>Probable bugsJava</id>
              </State>
              <State>
                <id>Probable bugsJavaScript and TypeScript</id>
              </State>
              <State>
                <id>Probable bugsKotlin</id>
              </State>
              <State>
                <id>Proofreading</id>
              </State>
              <State>
                <id>Properties files</id>
              </State>
              <State>
                <id>Quarkus</id>
              </State>
              <State>
                <id>RELAX NG</id>
              </State>
              <State>
                <id>RESTful Web Service (JAX-RS)</id>
              </State>
              <State>
                <id>Reactive Streams</id>
              </State>
              <State>
                <id>Redundant constructsKotlin</id>
              </State>
              <State>
                <id>Reflective accessJava</id>
              </State>
              <State>
                <id>RegExp</id>
              </State>
              <State>
                <id>Resource managementJava</id>
              </State>
              <State>
                <id>SQL</id>
              </State>
              <State>
                <id>SecurityJava</id>
              </State>
              <State>
                <id>SecurityLintAndroid</id>
              </State>
              <State>
                <id>Serialization issuesJava</id>
              </State>
              <State>
                <id>SetupSpring CoreSpring</id>
              </State>
              <State>
                <id>Spring</id>
              </State>
              <State>
                <id>Spring AOPSpring</id>
              </State>
              <State>
                <id>Spring CoreSpring</id>
              </State>
              <State>
                <id>Style issuesKotlin</id>
              </State>
              <State>
                <id>TestNGJava</id>
              </State>
              <State>
                <id>Threading issuesGroovy</id>
              </State>
              <State>
                <id>Threading issuesJava</id>
              </State>
              <State>
                <id>Try statement issuesJavaScript and TypeScript</id>
              </State>
              <State>
                <id>TypeScriptJavaScript and TypeScript</id>
              </State>
              <State>
                <id>TypographyUsabilityLintAndroid</id>
              </State>
              <State>
                <id>UI form</id>
              </State>
              <State>
                <id>UsabilityLintAndroid</id>
              </State>
              <State>
                <id>Velocity</id>
              </State>
              <State>
                <id>Verbose or redundant code constructsJava</id>
              </State>
              <State>
                <id>WebSocket</id>
              </State>
              <State>
                <id>XML</id>
              </State>
              <State>
                <id>XMLSpring CoreSpring</id>
              </State>
              <State>
                <id>XPath</id>
              </State>
              <State>
                <id>YAML</id>
              </State>
            </expanded-state>
          </profile-state>
        </entry>
      </component>
      <component name="ProjectRootManager" version="2" languageLevel="JDK_1_8" project-jdk-name="1.8" project-jdk-type="JavaSDK" />
      <component name="PropertiesComponent">
        <property name="project.structure.last.edited" value="Global Libraries" />
        <property name="project.structure.proportion" value="0.0" />
        <property name="project.structure.side.proportion" value="0.2" />
        <property name="settings.editor.selected.configurable" value="configurable.group.editor" />
      </component>
      <component name="masterDetails">
        <states>
          <state key="GlobalLibrariesConfigurable.UI">
            <settings>
              <splitter-proportions>
                <option name="proportions">
                  <list>
                    <option value="0.2" />
                  </list>
                </option>
              </splitter-proportions>
            </settings>
          </state>
          <state key="JdkListConfigurable.UI">
            <settings>
              <last-edited>1.8</last-edited>
              <splitter-proportions>
                <option name="proportions">
                  <list>
                    <option value="0.2" />
                  </list>
                </option>
              </splitter-proportions>
            </settings>
          </state>
          <state key="ProjectJDKs.UI">
            <settings>
              <last-edited>1.8</last-edited>
              <splitter-proportions>
                <option name="proportions">
                  <list>
                    <option value="0.2" />
                  </list>
                </option>
              </splitter-proportions>
            </settings>
          </state>
          <state key="ProjectLibrariesConfigurable.UI">
            <settings>
              <splitter-proportions>
                <option name="proportions">
                  <list>
                    <option value="0.2" />
                  </list>
                </option>
              </splitter-proportions>
            </settings>
          </state>
        </states>
      </component>
    </defaultProject>
  </component>
</application>